-- USERS

Insert into AMENGAN.USERS (USER_ID,USER_NAME,PASSWD,LOGIN_TYPE,NAME,ADDRESS,JOIN_DATE,CONTACT_NUMBER) values (141,'admin','admin','ADMIN','admin','Raleigh, NC State',to_date('13-NOV-21','DD-MON-RR'),'1234567890');
Insert into AMENGAN.USERS (USER_ID,USER_NAME,PASSWD,LOGIN_TYPE,NAME,ADDRESS,JOIN_DATE,CONTACT_NUMBER) values (144,'Brand03','Brand03','BRAND','Brand Z','20 Roszel Rd Princeton, NJ',to_date('13-NOV-21','DD-MON-RR'),'1212121212');
Insert into AMENGAN.USERS (USER_ID,USER_NAME,PASSWD,LOGIN_TYPE,NAME,ADDRESS,JOIN_DATE,CONTACT_NUMBER) values (142,'Brand01','Brand01','BRAND','Brand X','503 Rolling Creek Dr Austin, AR',to_date('13-NOV-21','DD-MON-RR'),'1234879899');
Insert into AMENGAN.USERS (USER_ID,USER_NAME,PASSWD,LOGIN_TYPE,NAME,ADDRESS,JOIN_DATE,CONTACT_NUMBER) values (143,'Brand02','Brand02','BRAND','Brand Y','939 Orange Ave Coronado, CA',to_date('13-NOV-21','DD-MON-RR'),'1212121222');
Insert into AMENGAN.USERS (USER_ID,USER_NAME,PASSWD,LOGIN_TYPE,NAME,ADDRESS,JOIN_DATE,CONTACT_NUMBER) values (145,'C0001','C0001','CUSTOMER','Peter Parker','20 Ingram Street, NY',to_date('13-NOV-21','DD-MON-RR'),'8636368778');
Insert into AMENGAN.USERS (USER_ID,USER_NAME,PASSWD,LOGIN_TYPE,NAME,ADDRESS,JOIN_DATE,CONTACT_NUMBER) values (146,'C0002','C0002','CUSTOMER','Steve Rogers','569 Leaman Place, NY',to_date('13-NOV-21','DD-MON-RR'),'8972468552');
Insert into AMENGAN.USERS (USER_ID,USER_NAME,PASSWD,LOGIN_TYPE,NAME,ADDRESS,JOIN_DATE,CONTACT_NUMBER) values (147,'C0003','C0003','CUSTOMER','Diana Prince','1700 Broadway St, NY',to_date('13-NOV-21','DD-MON-RR'),'8547963210');
Insert into AMENGAN.USERS (USER_ID,USER_NAME,PASSWD,LOGIN_TYPE,NAME,ADDRESS,JOIN_DATE,CONTACT_NUMBER) values (148,'C0004','C0004','CUSTOMER','Billy Batson','5015 Broad St, Philadelphia, PA',to_date('13-NOV-21','DD-MON-RR'),'8974562583');
Insert into AMENGAN.USERS (USER_ID,USER_NAME,PASSWD,LOGIN_TYPE,NAME,ADDRESS,JOIN_DATE,CONTACT_NUMBER) values (149,'C0005','C0005','CUSTOMER','Tony Stark','10880 Malibu Point, CA',to_date('13-NOV-21','DD-MON-RR'),'8731596464');


-- BRANDS

Insert into AMENGAN.BRANDS (BRAND_ID,NAME,ADDRESS,JOIN_DATE,LOYALTY_TYPE,USER_ID) values (41,'Brand X','503 Rolling Creek Dr Austin, AR',to_date('11-JUN-21','DD-MON-RR'),'TIERED',142);
Insert into AMENGAN.BRANDS (BRAND_ID,NAME,ADDRESS,JOIN_DATE,LOYALTY_TYPE,USER_ID) values (42,'Brand Y','939 Orange Ave Coronado, CA',to_date('11-JUN-21','DD-MON-RR'),'TIERED',143);
Insert into AMENGAN.BRANDS (BRAND_ID,NAME,ADDRESS,JOIN_DATE,LOYALTY_TYPE,USER_ID) values (43,'Brand Z','20 Roszel Rd Princeton, NJ',to_date('11-JUN-21','DD-MON-RR'),'REGULAR',144);

-- CUSTOMERS

Insert into AMENGAN.CUSTOMERS (CUSTOMER_ID,NAME,CONTACT_NUMBER,ADDRESS,WALLET_ID,USER_ID) values (103,'Diana Prince','8547963210','1700 Broadway St, NY',123,147);
Insert into AMENGAN.CUSTOMERS (CUSTOMER_ID,NAME,CONTACT_NUMBER,ADDRESS,WALLET_ID,USER_ID) values (101,'Peter Parker','8636368778','20 Ingram Street, NY',121,145);
Insert into AMENGAN.CUSTOMERS (CUSTOMER_ID,NAME,CONTACT_NUMBER,ADDRESS,WALLET_ID,USER_ID) values (102,'Steve Rogers','8972468552','569 Leaman Place, NY',122,146);
Insert into AMENGAN.CUSTOMERS (CUSTOMER_ID,NAME,CONTACT_NUMBER,ADDRESS,WALLET_ID,USER_ID) values (104,'Billy Batson','8974562583','5015 Broad St, Philadelphia, PA',124,148);
Insert into AMENGAN.CUSTOMERS (CUSTOMER_ID,NAME,CONTACT_NUMBER,ADDRESS,WALLET_ID,USER_ID) values (105,'Tony Stark','8731596464','10880 Malibu Point, CA',125,149);


-- ACTIVITIES

Insert into AMENGAN.ACTIVITIES (ACTIVITY_CODE,ACTIVITY_NAME) values ('A01','Purchase');
Insert into AMENGAN.ACTIVITIES (ACTIVITY_CODE,ACTIVITY_NAME) values ('A02','Write a review');
Insert into AMENGAN.ACTIVITIES (ACTIVITY_CODE,ACTIVITY_NAME) values ('A03','Refer a friend');

-- REWARD CATEGORIES

Insert into AMENGAN.REWARD_CATEGORIES (REWARD_CATEGORY_CODE,REWARD_NAME) values ('R01','Gift Card');
Insert into AMENGAN.REWARD_CATEGORIES (REWARD_CATEGORY_CODE,REWARD_NAME) values ('R02','Free Product');

-- REGULAR LOYALTY PROGRAMS

Insert into AMENGAN.REGULAR_LOYALTY_PROGRAMS (BRAND_ID,LOYALTY_PROGRAM_ID,LP_CODE,LP_NAME) values (41,41,'TLP01','SportGoods');
Insert into AMENGAN.REGULAR_LOYALTY_PROGRAMS (BRAND_ID,LOYALTY_PROGRAM_ID,LP_CODE,LP_NAME) values (42,61,'TLP02','MegaCenter');
Insert into AMENGAN.REGULAR_LOYALTY_PROGRAMS (BRAND_ID,LOYALTY_PROGRAM_ID,LP_CODE,LP_NAME) values (43,62,'RLP01','TechSups');

-- TIERED LOYALTY PROGRAMS

Insert into AMENGAN.TIERED_LOYALTY_PROGRAMS (BRAND_ID,LOYALTY_PROGRAM_ID,POINTS_REQUIRED,LOYALTY_PROGRAM_LEVEL,MULTIPLIER) values (41,41,0,'Bronze',1);
Insert into AMENGAN.TIERED_LOYALTY_PROGRAMS (BRAND_ID,LOYALTY_PROGRAM_ID,POINTS_REQUIRED,LOYALTY_PROGRAM_LEVEL,MULTIPLIER) values (41,41,170,'Silver',2);
Insert into AMENGAN.TIERED_LOYALTY_PROGRAMS (BRAND_ID,LOYALTY_PROGRAM_ID,POINTS_REQUIRED,LOYALTY_PROGRAM_LEVEL,MULTIPLIER) values (41,41,270,'Gold',3);
Insert into AMENGAN.TIERED_LOYALTY_PROGRAMS (BRAND_ID,LOYALTY_PROGRAM_ID,POINTS_REQUIRED,LOYALTY_PROGRAM_LEVEL,MULTIPLIER) values (42,61,0,'Special',1);
Insert into AMENGAN.TIERED_LOYALTY_PROGRAMS (BRAND_ID,LOYALTY_PROGRAM_ID,POINTS_REQUIRED,LOYALTY_PROGRAM_LEVEL,MULTIPLIER) values (42,61,210,'Premium',2);

-- CUSTOMERS TO BRANDS

Insert into AMENGAN.CUSTOMERS_TO_BRANDS (BRAND_ID,CUSTOMER_ID) values (41,101);
Insert into AMENGAN.CUSTOMERS_TO_BRANDS (BRAND_ID,CUSTOMER_ID) values (41,102);
Insert into AMENGAN.CUSTOMERS_TO_BRANDS (BRAND_ID,CUSTOMER_ID) values (41,105);
Insert into AMENGAN.CUSTOMERS_TO_BRANDS (BRAND_ID,CUSTOMER_ID) values (42,101);
Insert into AMENGAN.CUSTOMERS_TO_BRANDS (BRAND_ID,CUSTOMER_ID) values (42,103);
Insert into AMENGAN.CUSTOMERS_TO_BRANDS (BRAND_ID,CUSTOMER_ID) values (42,105);
Insert into AMENGAN.CUSTOMERS_TO_BRANDS (BRAND_ID,CUSTOMER_ID) values (43,103);
Insert into AMENGAN.CUSTOMERS_TO_BRANDS (BRAND_ID,CUSTOMER_ID) values (43,105);
Insert into AMENGAN.CUSTOMERS_TO_BRANDS (BRAND_ID,CUSTOMER_ID) values (41,104);

-- BRANDS LOYALTY PROGRAMS TO ACTIVITIES

Insert into AMENGAN.BRANDS_LOYALTY_PROGRAMS_TO_ACTIVITIES (BRAND_ID,LOYALTY_PROGRAM_ID,ACTIVITY_CODE,U_ID,ACTIVITY_VALUE,VERSION_NUMBER) values (41,41,'A01',61,15,1);
Insert into AMENGAN.BRANDS_LOYALTY_PROGRAMS_TO_ACTIVITIES (BRAND_ID,LOYALTY_PROGRAM_ID,ACTIVITY_CODE,U_ID,ACTIVITY_VALUE,VERSION_NUMBER) values (41,41,'A02',62,10,1);
Insert into AMENGAN.BRANDS_LOYALTY_PROGRAMS_TO_ACTIVITIES (BRAND_ID,LOYALTY_PROGRAM_ID,ACTIVITY_CODE,U_ID,ACTIVITY_VALUE,VERSION_NUMBER) values (42,61,'A01',81,40,1);
Insert into AMENGAN.BRANDS_LOYALTY_PROGRAMS_TO_ACTIVITIES (BRAND_ID,LOYALTY_PROGRAM_ID,ACTIVITY_CODE,U_ID,ACTIVITY_VALUE,VERSION_NUMBER) values (42,61,'A03',82,30,1);
Insert into AMENGAN.BRANDS_LOYALTY_PROGRAMS_TO_ACTIVITIES (BRAND_ID,LOYALTY_PROGRAM_ID,ACTIVITY_CODE,U_ID,ACTIVITY_VALUE,VERSION_NUMBER) values (43,62,'A03',83,10,1);

-- BRANDS LOYALTY PROGRAMS TO REWARDS

Insert into AMENGAN.BRANDS_LOYALTY_PROGRAMS_TO_REWARDS (U_ID,BRAND_ID,LOYALTY_PROGRAM_ID,REWARD_CATEGORY_CODE,REWARD_VALUE,NUMBER_OF_INSTANCES,VERSION_NUMBER,EXPIRY_DATE) values (61,41,41,'R01','80',39,1,to_date('30-NOV-21','DD-MON-RR'));
Insert into AMENGAN.BRANDS_LOYALTY_PROGRAMS_TO_REWARDS (U_ID,BRAND_ID,LOYALTY_PROGRAM_ID,REWARD_CATEGORY_CODE,REWARD_VALUE,NUMBER_OF_INSTANCES,VERSION_NUMBER,EXPIRY_DATE) values (62,41,41,'R02','70',24,1,to_date('30-NOV-21','DD-MON-RR'));
Insert into AMENGAN.BRANDS_LOYALTY_PROGRAMS_TO_REWARDS (U_ID,BRAND_ID,LOYALTY_PROGRAM_ID,REWARD_CATEGORY_CODE,REWARD_VALUE,NUMBER_OF_INSTANCES,VERSION_NUMBER,EXPIRY_DATE) values (81,42,61,'R01','120',29,1,to_date('25-NOV-21','DD-MON-RR'));
Insert into AMENGAN.BRANDS_LOYALTY_PROGRAMS_TO_REWARDS (U_ID,BRAND_ID,LOYALTY_PROGRAM_ID,REWARD_CATEGORY_CODE,REWARD_VALUE,NUMBER_OF_INSTANCES,VERSION_NUMBER,EXPIRY_DATE) values (82,42,61,'R02','90',47,1,to_date('25-NOV-21','DD-MON-RR'));
Insert into AMENGAN.BRANDS_LOYALTY_PROGRAMS_TO_REWARDS (U_ID,BRAND_ID,LOYALTY_PROGRAM_ID,REWARD_CATEGORY_CODE,REWARD_VALUE,NUMBER_OF_INSTANCES,VERSION_NUMBER,EXPIRY_DATE) values (83,43,62,'R01','100',25,1,to_date('20-NOV-21','DD-MON-RR'));

-- CUSTOMER TO BLP ACTIVITIES

Insert into AMENGAN.CUSTOMERS_TO_BLP_ACTIVITIES (CUSTOMER_ID,BRAND_ID,LOYALTY_PROGRAM_ID,WALLET_ID,ACTIVITY_CODE,POINTS_EARNED,PERFORMED_DATE,U_ID,NUMBER_OF_INSTANCES) values (101,41,41,121,'A01',60,to_date('10-JUN-21','DD-MON-RR'),61,4);
Insert into AMENGAN.CUSTOMERS_TO_BLP_ACTIVITIES (CUSTOMER_ID,BRAND_ID,LOYALTY_PROGRAM_ID,WALLET_ID,ACTIVITY_CODE,POINTS_EARNED,PERFORMED_DATE,U_ID,NUMBER_OF_INSTANCES) values (101,41,41,121,'A02',20,to_date('18-JUN-21','DD-MON-RR'),62,2);
Insert into AMENGAN.CUSTOMERS_TO_BLP_ACTIVITIES (CUSTOMER_ID,BRAND_ID,LOYALTY_PROGRAM_ID,WALLET_ID,ACTIVITY_CODE,POINTS_EARNED,PERFORMED_DATE,U_ID,NUMBER_OF_INSTANCES) values (102,41,41,122,'A01',30,to_date('02-JUL-21','DD-MON-RR'),61,2);
Insert into AMENGAN.CUSTOMERS_TO_BLP_ACTIVITIES (CUSTOMER_ID,BRAND_ID,LOYALTY_PROGRAM_ID,WALLET_ID,ACTIVITY_CODE,POINTS_EARNED,PERFORMED_DATE,U_ID,NUMBER_OF_INSTANCES) values (102,41,41,122,'A01',30,to_date('08-JUL-21','DD-MON-RR'),61,2);
Insert into AMENGAN.CUSTOMERS_TO_BLP_ACTIVITIES (CUSTOMER_ID,BRAND_ID,LOYALTY_PROGRAM_ID,WALLET_ID,ACTIVITY_CODE,POINTS_EARNED,PERFORMED_DATE,U_ID,NUMBER_OF_INSTANCES) values (101,42,61,121,'A03',60,to_date('18-OCT-21','DD-MON-RR'),82,2);
Insert into AMENGAN.CUSTOMERS_TO_BLP_ACTIVITIES (CUSTOMER_ID,BRAND_ID,LOYALTY_PROGRAM_ID,WALLET_ID,ACTIVITY_CODE,POINTS_EARNED,PERFORMED_DATE,U_ID,NUMBER_OF_INSTANCES) values (101,42,61,121,'A01',40,to_date('15-AUG-21','DD-MON-RR'),81,1);
Insert into AMENGAN.CUSTOMERS_TO_BLP_ACTIVITIES (CUSTOMER_ID,BRAND_ID,LOYALTY_PROGRAM_ID,WALLET_ID,ACTIVITY_CODE,POINTS_EARNED,PERFORMED_DATE,U_ID,NUMBER_OF_INSTANCES) values (101,42,61,121,'A03',30,to_date('03-OCT-21','DD-MON-RR'),82,1);
Insert into AMENGAN.CUSTOMERS_TO_BLP_ACTIVITIES (CUSTOMER_ID,BRAND_ID,LOYALTY_PROGRAM_ID,WALLET_ID,ACTIVITY_CODE,POINTS_EARNED,PERFORMED_DATE,U_ID,NUMBER_OF_INSTANCES) values (102,41,41,121,'A02',10,to_date('05-AUG-21','DD-MON-RR'),62,1);
Insert into AMENGAN.CUSTOMERS_TO_BLP_ACTIVITIES (CUSTOMER_ID,BRAND_ID,LOYALTY_PROGRAM_ID,WALLET_ID,ACTIVITY_CODE,POINTS_EARNED,PERFORMED_DATE,U_ID,NUMBER_OF_INSTANCES) values (101,42,61,121,'A01',80,to_date('09-AUG-21','DD-MON-RR'),81,2);
Insert into AMENGAN.CUSTOMERS_TO_BLP_ACTIVITIES (CUSTOMER_ID,BRAND_ID,LOYALTY_PROGRAM_ID,WALLET_ID,ACTIVITY_CODE,POINTS_EARNED,PERFORMED_DATE,U_ID,NUMBER_OF_INSTANCES) values (103,42,61,123,'A01',40,to_date('02-SEP-21','DD-MON-RR'),81,1);
Insert into AMENGAN.CUSTOMERS_TO_BLP_ACTIVITIES (CUSTOMER_ID,BRAND_ID,LOYALTY_PROGRAM_ID,WALLET_ID,ACTIVITY_CODE,POINTS_EARNED,PERFORMED_DATE,U_ID,NUMBER_OF_INSTANCES) values (103,42,61,123,'A03',30,to_date('16-OCT-21','DD-MON-RR'),82,1);
Insert into AMENGAN.CUSTOMERS_TO_BLP_ACTIVITIES (CUSTOMER_ID,BRAND_ID,LOYALTY_PROGRAM_ID,WALLET_ID,ACTIVITY_CODE,POINTS_EARNED,PERFORMED_DATE,U_ID,NUMBER_OF_INSTANCES) values (103,42,61,123,'A03',30,to_date('01-OCT-21','DD-MON-RR'),82,1);
Insert into AMENGAN.CUSTOMERS_TO_BLP_ACTIVITIES (CUSTOMER_ID,BRAND_ID,LOYALTY_PROGRAM_ID,WALLET_ID,ACTIVITY_CODE,POINTS_EARNED,PERFORMED_DATE,U_ID,NUMBER_OF_INSTANCES) values (103,42,61,123,'A01',80,to_date('10-AUG-21','DD-MON-RR'),81,2);
Insert into AMENGAN.CUSTOMERS_TO_BLP_ACTIVITIES (CUSTOMER_ID,BRAND_ID,LOYALTY_PROGRAM_ID,WALLET_ID,ACTIVITY_CODE,POINTS_EARNED,PERFORMED_DATE,U_ID,NUMBER_OF_INSTANCES) values (103,42,61,123,'A01',40,to_date('01-AUG-21','DD-MON-RR'),81,1);
Insert into AMENGAN.CUSTOMERS_TO_BLP_ACTIVITIES (CUSTOMER_ID,BRAND_ID,LOYALTY_PROGRAM_ID,WALLET_ID,ACTIVITY_CODE,POINTS_EARNED,PERFORMED_DATE,U_ID,NUMBER_OF_INSTANCES) values (103,43,62,123,'A03',40,to_date('30-JUL-21','DD-MON-RR'),83,4);
Insert into AMENGAN.CUSTOMERS_TO_BLP_ACTIVITIES (CUSTOMER_ID,BRAND_ID,LOYALTY_PROGRAM_ID,WALLET_ID,ACTIVITY_CODE,POINTS_EARNED,PERFORMED_DATE,U_ID,NUMBER_OF_INSTANCES) values (105,41,41,125,'A01',90,to_date('10-AUG-21','DD-MON-RR'),61,6);
Insert into AMENGAN.CUSTOMERS_TO_BLP_ACTIVITIES (CUSTOMER_ID,BRAND_ID,LOYALTY_PROGRAM_ID,WALLET_ID,ACTIVITY_CODE,POINTS_EARNED,PERFORMED_DATE,U_ID,NUMBER_OF_INSTANCES) values (105,41,41,125,'A02',50,to_date('30-SEP-21','DD-MON-RR'),62,5);
Insert into AMENGAN.CUSTOMERS_TO_BLP_ACTIVITIES (CUSTOMER_ID,BRAND_ID,LOYALTY_PROGRAM_ID,WALLET_ID,ACTIVITY_CODE,POINTS_EARNED,PERFORMED_DATE,U_ID,NUMBER_OF_INSTANCES) values (105,41,41,125,'A02',30,to_date('15-OCT-21','DD-MON-RR'),62,3);
Insert into AMENGAN.CUSTOMERS_TO_BLP_ACTIVITIES (CUSTOMER_ID,BRAND_ID,LOYALTY_PROGRAM_ID,WALLET_ID,ACTIVITY_CODE,POINTS_EARNED,PERFORMED_DATE,U_ID,NUMBER_OF_INSTANCES) values (105,42,61,125,'A01',160,to_date('10-OCT-21','DD-MON-RR'),81,4);
Insert into AMENGAN.CUSTOMERS_TO_BLP_ACTIVITIES (CUSTOMER_ID,BRAND_ID,LOYALTY_PROGRAM_ID,WALLET_ID,ACTIVITY_CODE,POINTS_EARNED,PERFORMED_DATE,U_ID,NUMBER_OF_INSTANCES) values (105,43,62,125,'A03',30,to_date('16-SEP-21','DD-MON-RR'),83,3);
Insert into AMENGAN.CUSTOMERS_TO_BLP_ACTIVITIES (CUSTOMER_ID,BRAND_ID,LOYALTY_PROGRAM_ID,WALLET_ID,ACTIVITY_CODE,POINTS_EARNED,PERFORMED_DATE,U_ID,NUMBER_OF_INSTANCES) values (105,43,62,125,'A03',20,to_date('30-SEP-21','DD-MON-RR'),83,2);

-- CUSTOMER TO BLP REWARDS

Insert into AMENGAN.CUSTOMERS_TO_BLP_REWARDS (CUSTOMER_ID,BRAND_ID,LOYALTY_PROGRAM_ID,REWARD_CATEGORY_CODE,NUMBER_OF_INSTANCES,U_ID,PERFORMED_DATE,POINTS_REDEEMED) values (105,41,41,'R01',1,61,to_date('13-NOV-21','DD-MON-RR'),80);
Insert into AMENGAN.CUSTOMERS_TO_BLP_REWARDS (CUSTOMER_ID,BRAND_ID,LOYALTY_PROGRAM_ID,REWARD_CATEGORY_CODE,NUMBER_OF_INSTANCES,U_ID,PERFORMED_DATE,POINTS_REDEEMED) values (105,41,41,'R02',1,62,to_date('13-NOV-21','DD-MON-RR'),70);
Insert into AMENGAN.CUSTOMERS_TO_BLP_REWARDS (CUSTOMER_ID,BRAND_ID,LOYALTY_PROGRAM_ID,REWARD_CATEGORY_CODE,NUMBER_OF_INSTANCES,U_ID,PERFORMED_DATE,POINTS_REDEEMED) values (105,42,61,'R01',1,81,to_date('13-NOV-21','DD-MON-RR'),120);
Insert into AMENGAN.CUSTOMERS_TO_BLP_REWARDS (CUSTOMER_ID,BRAND_ID,LOYALTY_PROGRAM_ID,REWARD_CATEGORY_CODE,NUMBER_OF_INSTANCES,U_ID,PERFORMED_DATE,POINTS_REDEEMED) values (101,42,61,'R02',1,82,to_date('20-OCT-21','DD-MON-RR'),90);
Insert into AMENGAN.CUSTOMERS_TO_BLP_REWARDS (CUSTOMER_ID,BRAND_ID,LOYALTY_PROGRAM_ID,REWARD_CATEGORY_CODE,NUMBER_OF_INSTANCES,U_ID,PERFORMED_DATE,POINTS_REDEEMED) values (102,41,41,'R02',1,62,to_date('01-SEP-21','DD-MON-RR'),70);
Insert into AMENGAN.CUSTOMERS_TO_BLP_REWARDS (CUSTOMER_ID,BRAND_ID,LOYALTY_PROGRAM_ID,REWARD_CATEGORY_CODE,NUMBER_OF_INSTANCES,U_ID,PERFORMED_DATE,POINTS_REDEEMED) values (101,41,41,'R01',1,61,to_date('02-JUL-21','DD-MON-RR'),80);
Insert into AMENGAN.CUSTOMERS_TO_BLP_REWARDS (CUSTOMER_ID,BRAND_ID,LOYALTY_PROGRAM_ID,REWARD_CATEGORY_CODE,NUMBER_OF_INSTANCES,U_ID,PERFORMED_DATE,POINTS_REDEEMED) values (101,42,61,'R01',1,81,to_date('25-AUG-21','DD-MON-RR'),120);
Insert into AMENGAN.CUSTOMERS_TO_BLP_REWARDS (CUSTOMER_ID,BRAND_ID,LOYALTY_PROGRAM_ID,REWARD_CATEGORY_CODE,NUMBER_OF_INSTANCES,U_ID,PERFORMED_DATE,POINTS_REDEEMED) values (103,42,61,'R02',1,82,to_date('26-AUG-21','DD-MON-RR'),90);
Insert into AMENGAN.CUSTOMERS_TO_BLP_REWARDS (CUSTOMER_ID,BRAND_ID,LOYALTY_PROGRAM_ID,REWARD_CATEGORY_CODE,NUMBER_OF_INSTANCES,U_ID,PERFORMED_DATE,POINTS_REDEEMED) values (103,42,61,'R02',1,82,to_date('18-OCT-21','DD-MON-RR'),90);

-- CUSTOMER WALLET TO CUSTOMER BRANDS

Insert into AMENGAN.CUSTOMER_WALLET_TO_CUSTOMERS_BRANDS (CUSTOMER_ID,BRAND_ID,LOYALTY_PROGRAM_ID,WALLET_ID,TOTAL_POINTS,LOYALTY_PROGRAM_LEVEL,NUMBER_OF_GIFT_CARDS) values (102,41,41,122,0,'Bronze',0);
Insert into AMENGAN.CUSTOMER_WALLET_TO_CUSTOMERS_BRANDS (CUSTOMER_ID,BRAND_ID,LOYALTY_PROGRAM_ID,WALLET_ID,TOTAL_POINTS,LOYALTY_PROGRAM_LEVEL,NUMBER_OF_GIFT_CARDS) values (105,41,41,125,170,'Silver',0);
Insert into AMENGAN.CUSTOMER_WALLET_TO_CUSTOMERS_BRANDS (CUSTOMER_ID,BRAND_ID,LOYALTY_PROGRAM_ID,WALLET_ID,TOTAL_POINTS,LOYALTY_PROGRAM_LEVEL,NUMBER_OF_GIFT_CARDS) values (103,42,61,123,40,'Special',0);
Insert into AMENGAN.CUSTOMER_WALLET_TO_CUSTOMERS_BRANDS (CUSTOMER_ID,BRAND_ID,LOYALTY_PROGRAM_ID,WALLET_ID,TOTAL_POINTS,LOYALTY_PROGRAM_LEVEL,NUMBER_OF_GIFT_CARDS) values (103,43,62,123,40,'REGULAR',0);
Insert into AMENGAN.CUSTOMER_WALLET_TO_CUSTOMERS_BRANDS (CUSTOMER_ID,BRAND_ID,LOYALTY_PROGRAM_ID,WALLET_ID,TOTAL_POINTS,LOYALTY_PROGRAM_LEVEL,NUMBER_OF_GIFT_CARDS) values (105,42,61,125,160,'Special',0);
Insert into AMENGAN.CUSTOMER_WALLET_TO_CUSTOMERS_BRANDS (CUSTOMER_ID,BRAND_ID,LOYALTY_PROGRAM_ID,WALLET_ID,TOTAL_POINTS,LOYALTY_PROGRAM_LEVEL,NUMBER_OF_GIFT_CARDS) values (105,43,62,125,50,'REGULAR',0);
Insert into AMENGAN.CUSTOMER_WALLET_TO_CUSTOMERS_BRANDS (CUSTOMER_ID,BRAND_ID,LOYALTY_PROGRAM_ID,WALLET_ID,TOTAL_POINTS,LOYALTY_PROGRAM_LEVEL,NUMBER_OF_GIFT_CARDS) values (101,41,41,121,0,'Bronze',0);
Insert into AMENGAN.CUSTOMER_WALLET_TO_CUSTOMERS_BRANDS (CUSTOMER_ID,BRAND_ID,LOYALTY_PROGRAM_ID,WALLET_ID,TOTAL_POINTS,LOYALTY_PROGRAM_LEVEL,NUMBER_OF_GIFT_CARDS) values (101,42,61,121,0,'Special',0);
Insert into AMENGAN.CUSTOMER_WALLET_TO_CUSTOMERS_BRANDS (CUSTOMER_ID,BRAND_ID,LOYALTY_PROGRAM_ID,WALLET_ID,TOTAL_POINTS,LOYALTY_PROGRAM_LEVEL,NUMBER_OF_GIFT_CARDS) values (104,41,41,124,0,'Bronze',0);